Наименование продукции,Группа продукции,Требуемое оборудование,Рекомендации
Новая запись,Новая запись,Новая запись,Новая запись
Сапоги,тряпка,ыаукб,рекомендую отдохнуть
Сапожки,тряпочка,кпав,рекомендую поспать
Сапожечки,тряпочечька,кваспм,рекомендую покушать
Ботинки,полотенце,впсук,рекомендую рекомендовать
Кирзачи,трава,уыавыв,рекомендую сходить в душ
ыппва,вааываи,выпмкуыв,вяасмвкач
кпушдфргп,взащплоукп,вмва,вдшкпо
Наименование продукции,Группа продукции,Требуемое оборудование,Рекомендации
Сапоги,тряпка,ыаукб,рекомендую отдохнуть
Сапожки,тряпочка,кпав,рекомендую поспать
Сапожечки,тряпочечька,кваспм,рекомендую покушать
Ботинки,полотенце,впсук,рекомендую рекомендовать
Кирзачи,трава,уыавыв,рекомендую сходить в душ
ыппва,вааываи,выпмкуыв,вяасмвкач
кпушдфргп,взащплоукп,вмва,вдшкпо
